{
  "best_model": "LogReg_balanced",
  "valid_auc": {
    "LogReg_balanced": 0.684528292718482,
    "RandomForest": 0.647452562015598,
    "HistGB": 0.6434695327874826
  },
  "tuned_threshold_valid": 0.5160204775562515,
  "test": {
    "roc_auc": 0.6769707111445855,
    "pr_auc": 0.24038747451445047,
    "confusion_matrix": [
      [
        1369,
        715
      ],
      [
        122,
        194
      ]
    ]
  }
}